{
  "manifest": {
    "publishingInformation": {
      "locales": {
        "en-GB": {
          "summary": "A skill for Alexa to introduce herself to your visitors!",
          "examplePhrases": [
            "Alexa, welcome my visitors",
            "Alexa, open welcome my visitors",
            "Alexa, launch welcome my visitors"
          ],
          "keywords": [
            "privacy",
            "visitors",
            "welcome",
            "introduce"
          ],
          "name": "Introduce Yourself",
          "description": "Some people have never used a smart speaker before and may not understand the implications it can have on their privacy if they are visiting a home with a smart speaker. This skill aims to introduce Alexa to visitors and ensure they are aware of its abilities, as well as its data collection policies.",
          "smallIconUri": "file://assets/images/en-GB_smallIconUri.png",
          "largeIconUri": "file://assets/images/en-GB_largeIconUri.png"
        }
      },
      "automaticDistribution": {
        "isActive": false
      },
      "isAvailableWorldwide": true,
      "testingInstructions": "This skill requests email and name permissions, which must be activated using the Amazon Alexa app.",
      "category": "EDUCATION_AND_REFERENCE",
      "distributionMode": "PUBLIC",
      "distributionCountries": []
    },
    "apis": {
      "custom": {
        "endpoint": {
          "uri": "arn:aws:lambda:eu-west-1:529669995915:function:68bb0b04-9d9b-4441-af54-b079a487bd01:Release_0"
        },
        "interfaces": [],
        "regions": {
          "EU": {
            "endpoint": {
              "uri": "arn:aws:lambda:eu-west-1:529669995915:function:68bb0b04-9d9b-4441-af54-b079a487bd01:Release_0"
            }
          },
          "NA": {
            "endpoint": {
              "uri": "arn:aws:lambda:us-east-1:529669995915:function:68bb0b04-9d9b-4441-af54-b079a487bd01:Release_0"
            }
          },
          "FE": {
            "endpoint": {
              "uri": "arn:aws:lambda:us-west-2:529669995915:function:68bb0b04-9d9b-4441-af54-b079a487bd01:Release_0"
            }
          }
        }
      }
    },
    "manifestVersion": "1.0",
    "permissions": [
      {
        "name": "alexa::devices:all:address:full:read"
      },
      {
        "name": "alexa::profile:name:read"
      },
      {
        "name": "alexa::profile:email:read"
      }
    ],
    "privacyAndCompliance": {
      "allowsPurchases": false,
      "locales": {
        "en-GB": {
          "privacyPolicyUrl": "https://www.legislation.gov.uk/ukpga/2018/12/contents/enacted"
        }
      },
      "containsAds": false,
      "isExportCompliant": true,
      "isChildDirected": false,
      "usesPersonalInfo": true
    }
  }
}